accepted_currencies,btc_avg_activ,btc_num_comments,btc_page,countries_restricted,country,description,facebook_page,github_page,hard_cap,hype_score,ico_end,ico_token_price,ico_profile_score,ico_start,instagram_url,kyc,linkedin_page,logo_url,medium_page,name,website_overall_rating,platform,pre_ico_end,pre_ico_token_price,pre_ico_start,product_score,ico_url,raised,raise_goal,rdt_usr_avg_karma,rdt_comment_count,rdt_post_count,reddit_page,risk_score,roi_score,slack_url,soft_cap,source,status,team_score,teleg_subs_count,telegram_page,ticker,standard,twitter_page,users_rating,vision_score,webpage,whitelist,youtube_url
-,-,-,https://bitcointalk.org/index.php?topic=2041720.msg20321883#msg20321883,-,-,"Crypterium is revolutionary digital mobile cryptobank. Crypterium is aiming on provision of comprehensive vertical integrated services, cons ",https://www.facebook.com/dmarketcommunity/,https://github.com/suntechsoft/dmarket-smartcontract,500 BTC,-,13-01-2018,0.0001 BTC = 1 tokens,-,31-10-2017,-,-,-,https://icobazaar.com/static/rsz/logo_large/8cf3bc4b07f6d4cb4ac0c17def653285/logo-crpt.png,-,Crypterium,4.528,-,-,-,-,-,https://icobazaar.com/v2/icobox,-,-,-,-,-,https://www.reddit.com/user/D_market/,-,-,https://dmarketio.slack.com,14 500 BTC,icobazaar,-,100%,-,-,-,-,https://twitter.com/dmarket_io,-,-,https://dmarket.io/?utm_source=icobazaar&utm_medium=list&utm_campaign=crypto_lt3107,-,-
-,-,-,https://bitcointalk.org/index.php?topic=1974481,-,-,"Crypterium is revolutionary digital mobile cryptobank. Crypterium is aiming on provision of comprehensive vertical integrated services, cons ",https://business.facebook.com/blocklancer,https://github.com/BlocklancerOrg,500 BTC,-,13-01-2018,0.0001 BTC = 1 tokens,-,31-10-2017,-,-,https://www.linkedin.com/company/18154739/,https://icobazaar.com/static/rsz/logo_large/8cf3bc4b07f6d4cb4ac0c17def653285/logo-crpt.png,-,Crypterium,4.528,-,-,-,-,-,https://icobazaar.com/v2/waves,-,-,-,-,-,https://www.reddit.com/r/blocklancer/,-,-,https://blocklancer-slack.herokuapp.com/,14 500 BTC,icobazaar,-,100%,-,-,-,-,https://twitter.com/blocklancer,-,-,https://www.blocklancer.net/,-,-
-,-,-,-,-,-,Self-governed investment ecosystem driven by the wisdom of the crowd ,https://www.facebook.com/comsaio/,-,20 000 000 USD,-,20-12-2017,1 USD = 1 tokens,-,20-11-2017,-,-,-,https://icobazaar.com/static/rsz/logo_large/220ac65ccca5136110bc81f64be1f04e/logo-256.png,-,CrowdWiz,4.529999999999999,-,-,-,-,-,https://icobazaar.com/v2/comsa,-,-,-,-,-,-,-,-,http://comsa.herokuapp.com/,5 000 000 USD,icobazaar,-,100%,-,-,-,-,https://twitter.com/comsaglobal,-,-,https://comsa.io/en/,-,-
-,-,-,https://bitcointalk.org/index.php?topic=2291309.msg23251649#msg23251649,-,-,Self-governed investment ecosystem driven by the wisdom of the crowd ,https://t.me/joinchat/B3UENkIW3R9A6v_4KnpOZQ,https://github.com/SocialMediaMarket,20 000 000 USD,-,20-12-2017,1 USD = 1 tokens,-,20-11-2017,-,-,https://www.linkedin.com/company/27058258/,https://icobazaar.com/static/rsz/logo_large/220ac65ccca5136110bc81f64be1f04e/logo-256.png,-,CrowdWiz,4.529999999999999,-,-,-,-,-,https://icobazaar.com/v2/socialmedia.market,-,-,-,-,-,https://www.reddit.com/r/SocialMedia_Market,-,-,-,5 000 000 USD,icobazaar,-,96%,-,https://www.facebook.com/SocialMedia.Market.platform,-,-,https://twitter.com/SocialMedia_io,-,-,https://socialmedia.market,-,-
-,-,-,-,-,-,Self-governed investment ecosystem driven by the wisdom of the crowd ,https://www.facebook.com/cobinhood.exchange/,https://github.com/cobinhood/cobinhood-api-public,20 000 000 USD,-,20-12-2017,1 USD = 1 tokens,-,20-11-2017,-,-,-,https://icobazaar.com/static/rsz/logo_large/220ac65ccca5136110bc81f64be1f04e/logo-256.png,-,CrowdWiz,4.529999999999999,-,-,-,-,-,https://icobazaar.com/v2/micromoney,-,-,-,-,-,-,-,-,http://slack.cobinhood.com/,5 000 000 USD,icobazaar,-,100%,-,-,-,-,https://twitter.com/cobinhood,-,-,https://cobinhood.com/,-,-
-,-,-,https://bitcointalk.org/index.php?topic=2041720.msg20321883#msg20321883,-,-,"Crypterium is revolutionary digital mobile cryptobank. Crypterium is aiming on provision of comprehensive vertical integrated services, cons ",https://www.facebook.com/dmarketcommunity/,https://github.com/suntechsoft/dmarket-smartcontract,500 BTC,-,13-01-2018,0.0001 BTC = 1 tokens,-,31-10-2017,-,-,-,https://icobazaar.com/static/rsz/logo_large/8cf3bc4b07f6d4cb4ac0c17def653285/logo-crpt.png,-,Crypterium,4.528,-,-,-,-,-,https://icobazaar.com/v2/blocklancer,-,-,-,-,-,https://www.reddit.com/user/D_market/,-,-,https://dmarketio.slack.com,14 500 BTC,icobazaar,-,100%,-,-,-,-,https://twitter.com/dmarket_io,-,-,https://dmarket.io/?utm_source=icobazaar&utm_medium=list&utm_campaign=crypto_lt3107,-,-
-,-,-,https://bitcointalk.org/index.php?topic=2052481.0,-,-,First token which allows blockchain community to vote for the best projects to be brought to life through their own ICOs. ,https://www.facebook.com/icobox.io,-,-,-,15-09-2017,0.012 BTC = 1 tokens,-,15-08-2017,-,-,-,https://icobazaar.com/static/rsz/logo_large/ca9f322f1704f858287d7eacdfe1972d/logoib.jpeg,-,ICObox,5,-,-,-,-,-,https://icobazaar.com/v2/bankex,-,-,-,-,-,-,-,-,-,-,icobazaar,-,100%,-,-,-,-,https://twitter.com/icobox_io,-,-,https://icos.icobox.io/,-,-
-,-,-,https://bitcointalk.org/index.php?topic=2132588,-,-,Decentralized Blockchain Auctions in Real-Time ,https://www.facebook.com/Domraider-1432606216988548,https://github.com/Domraider/dr-token,66 000 000 USD,-,11-10-2017,0.12 USD = 1 tokens,-,12-09-2017,-,-,-,https://icobazaar.com/static/rsz/logo_large/bf0511d23bb32a9ba05653b815e71057/logo.jpeg,-,DomRaider,4.7,-,-,-,-,-,https://icobazaar.com/v2/domraider,-,-,-,-,-,https://www.reddit.com/r/DomRaider/,-,-,https://join.slack.com/t/domraiderico/shared_invite/MjM1MDg0MTY2MDE4LTE1MDQyNzQ4MDYtNTU0NDg5YzgyNQ,41 000 000 USD,icobazaar,-,100%,-,-,-,-,https://twitter.com/domraider,-,-,https://www.domraider.io/,-,-
-,-,-,https://bitcointalk.org/index.php?topic=2199477,-,-,"Crypterium is revolutionary digital mobile cryptobank. Crypterium is aiming on provision of comprehensive vertical integrated services, cons ",https://www.facebook.com/micromoneymyanmar/,https://github.com/micro-money/prime,500 BTC,-,13-01-2018,0.0001 BTC = 1 tokens,-,31-10-2017,-,-,-,https://icobazaar.com/static/rsz/logo_large/8cf3bc4b07f6d4cb4ac0c17def653285/logo-crpt.png,-,Crypterium,4.528,-,-,-,-,-,https://icobazaar.com/v2/dmarket,-,-,-,-,-,https://www.reddit.com/user/antondziatkovskii,-,-,-,14 500 BTC,icobazaar,-,100%,-,-,-,-,https://twitter.com/MicromoneyIO,-,-,https://micromoney.io,-,-
-,-,-,https://bitcointalk.org/index.php?topic=2714588,-,-,Self-governed investment ecosystem driven by the wisdom of the crowd ,https://t.me/midexinfo_en,-,20 000 000 USD,-,20-12-2017,1 USD = 1 tokens,-,20-11-2017,-,-,-,https://icobazaar.com/static/rsz/logo_large/220ac65ccca5136110bc81f64be1f04e/logo-256.png,-,CrowdWiz,4.529999999999999,-,-,-,-,-,https://icobazaar.com/v2/vestarin__pre-ico_,-,-,-,-,-,https://www.reddit.com/user/Midex_Official/,-,-,-,5 000 000 USD,icobazaar,-,92%,-,-,-,-,https://twitter.com/MidexInfo,-,-,https://ico.midex.com/en,-,-
-,-,-,https://bitcointalk.org/index.php?topic=2216847.0,-,-,"Crypterium is revolutionary digital mobile cryptobank. Crypterium is aiming on provision of comprehensive vertical integrated services, cons ",https://www.facebook.com/covesting,https://github.com/covesting/covesting-io,500 BTC,-,13-01-2018,0.0001 BTC = 1 tokens,-,31-10-2017,-,-,-,https://icobazaar.com/static/rsz/logo_large/8cf3bc4b07f6d4cb4ac0c17def653285/logo-crpt.png,-,Crypterium,4.528,-,-,-,-,-,https://icobazaar.com/v2/adex,-,-,-,-,-,https://www.reddit.com/user/Covesting,-,-,-,14 500 BTC,icobazaar,-,001%,-,-,-,-,https://twitter.com/covesting,-,-,https://covesting.io,-,-
-,-,-,https://bitcointalk.org/index.php?topic=2041720.msg20321883#msg20321883,-,-,"Crypterium is revolutionary digital mobile cryptobank. Crypterium is aiming on provision of comprehensive vertical integrated services, cons ",https://www.facebook.com/dmarketcommunity/,https://github.com/suntechsoft/dmarket-smartcontract,500 BTC,-,13-01-2018,0.0001 BTC = 1 tokens,-,31-10-2017,-,-,-,https://icobazaar.com/static/rsz/logo_large/8cf3bc4b07f6d4cb4ac0c17def653285/logo-crpt.png,-,Crypterium,4.528,-,-,-,-,-,https://icobazaar.com/v2/insurex,-,-,-,-,-,https://www.reddit.com/user/D_market/,-,-,https://dmarketio.slack.com,14 500 BTC,icobazaar,-,100%,-,-,-,-,https://twitter.com/dmarket_io,-,-,https://dmarket.io/?utm_source=icobazaar&utm_medium=list&utm_campaign=crypto_lt3107,-,-
-,-,-,https://bitcointalk.org/index.php?topic=2291309.msg23251649#msg23251649,-,-,"Crypterium is revolutionary digital mobile cryptobank. Crypterium is aiming on provision of comprehensive vertical integrated services, cons ",https://t.me/joinchat/B3UENkIW3R9A6v_4KnpOZQ,https://github.com/SocialMediaMarket,500 BTC,-,13-01-2018,0.0001 BTC = 1 tokens,-,31-10-2017,-,-,https://www.linkedin.com/company/27058258/,https://icobazaar.com/static/rsz/logo_large/8cf3bc4b07f6d4cb4ac0c17def653285/logo-crpt.png,-,Crypterium,4.528,-,-,-,-,-,https://icobazaar.com/v2/matryx,-,-,-,-,-,https://www.reddit.com/r/SocialMedia_Market,-,-,-,14 500 BTC,icobazaar,-,96%,-,https://www.facebook.com/SocialMedia.Market.platform,-,-,https://twitter.com/SocialMedia_io,-,-,https://socialmedia.market,-,-
-,-,-,-,-,-,"Crypterium is revolutionary digital mobile cryptobank. Crypterium is aiming on provision of comprehensive vertical integrated services, cons ",https://www.facebook.com/cobinhood.exchange/,https://github.com/cobinhood/cobinhood-api-public,500 BTC,-,13-01-2018,0.0001 BTC = 1 tokens,-,31-10-2017,-,-,-,https://icobazaar.com/static/rsz/logo_large/8cf3bc4b07f6d4cb4ac0c17def653285/logo-crpt.png,-,Crypterium,4.528,-,-,-,-,-,https://icobazaar.com/v2/stox,-,-,-,-,-,-,-,-,http://slack.cobinhood.com/,14 500 BTC,icobazaar,-,100%,-,-,-,-,https://twitter.com/cobinhood,-,-,https://cobinhood.com/,-,-
-,-,-,https://bitcoinforum.com/alternative-cryptocurrencies/(ann)-mtx-matryx-decentralized-collaboration/msg26838/#msg26838,-,-,"Crypterium is revolutionary digital mobile cryptobank. Crypterium is aiming on provision of comprehensive vertical integrated services, cons ",https://www.facebook.com/matryxai/,https://www.github.com/matryx,500 BTC,-,13-01-2018,0.0001 BTC = 1 tokens,-,31-10-2017,-,-,-,https://icobazaar.com/static/rsz/logo_large/8cf3bc4b07f6d4cb4ac0c17def653285/logo-crpt.png,-,Crypterium,4.528,-,-,-,-,-,https://icobazaar.com/v2/worldcore,-,-,-,-,-,https://www.reddit.com/r/matryx/,-,-,https://matryx-ai.slack.com,14 500 BTC,icobazaar,-,80%,-,-,-,-,https://www.reddit.com/r/matryx/,-,-,https://matryx.ai,-,-
-,-,-,https://bitcoinforum.com/alternative-cryptocurrencies/(ann)-mtx-matryx-decentralized-collaboration/msg26838/#msg26838,-,-,"Crypterium is revolutionary digital mobile cryptobank. Crypterium is aiming on provision of comprehensive vertical integrated services, cons ",https://www.facebook.com/matryxai/,https://www.github.com/matryx,500 BTC,-,13-01-2018,0.0001 BTC = 1 tokens,-,31-10-2017,-,-,-,https://icobazaar.com/static/rsz/logo_large/8cf3bc4b07f6d4cb4ac0c17def653285/logo-crpt.png,-,Crypterium,4.528,-,-,-,-,-,https://icobazaar.com/v2/remme,-,-,-,-,-,https://www.reddit.com/r/matryx/,-,-,https://matryx-ai.slack.com,14 500 BTC,icobazaar,-,80%,-,-,-,-,https://www.reddit.com/r/matryx/,-,-,https://matryx.ai,-,-
-,-,-,https://bitcointalk.org/index.php?topic=2041720.msg20321883#msg20321883,-,-,"Crypterium is revolutionary digital mobile cryptobank. Crypterium is aiming on provision of comprehensive vertical integrated services, cons ",https://www.facebook.com/dmarketcommunity/,https://github.com/suntechsoft/dmarket-smartcontract,500 BTC,-,13-01-2018,0.0001 BTC = 1 tokens,-,31-10-2017,-,-,-,https://icobazaar.com/static/rsz/logo_large/8cf3bc4b07f6d4cb4ac0c17def653285/logo-crpt.png,-,Crypterium,4.528,-,-,-,-,-,https://icobazaar.com/v2/rega_risk_sharing,-,-,-,-,-,https://www.reddit.com/user/D_market/,-,-,https://dmarketio.slack.com,14 500 BTC,icobazaar,-,100%,-,-,-,-,https://twitter.com/dmarket_io,-,-,https://dmarket.io/?utm_source=icobazaar&utm_medium=list&utm_campaign=crypto_lt3107,-,-
-,-,-,https://bitcointalk.org/index.php?topic=2347477.0,-,-,"Crypterium is revolutionary digital mobile cryptobank. Crypterium is aiming on provision of comprehensive vertical integrated services, cons ",https://www.facebook.com/AidCoinCo/,https://github.com/aidcoinco,500 BTC,-,13-01-2018,0.0001 BTC = 1 tokens,-,31-10-2017,-,-,https://www.linkedin.com/company/27106336/,https://icobazaar.com/static/rsz/logo_large/8cf3bc4b07f6d4cb4ac0c17def653285/logo-crpt.png,-,Crypterium,4.528,-,-,-,-,-,https://icobazaar.com/v2/naga_group,-,-,-,-,-,https://www.reddit.com/r/AidCoin/,-,-,-,14 500 BTC,icobazaar,-,90%,-,https://t.me/aidcoin,-,-,https://twitter.com/aid_coin,-,-,https://www.aidcoin.co/,-,-
-,-,-,https://bitcointalk.org/index.php?topic=2175726.new#new,-,-,Influencer Marketing advertising platform ,https://www.facebook.com/Crowdwiz,https://github.com/Crowdwiz,16 000 ETH,-,16-03-2018,1 ETH = 2500 tokens,-,09-02-2018,-,-,-,https://icobazaar.com/static/rsz/logo_large/7ab9ca84b5d1485deea8e6dc817c7bf5/logo-SMM-120x80-2.png,-,SocialMedia.Market,4.778666666666666,-,-,-,-,-,https://icobazaar.com/v2/crowdwiz,-,-,-,-,-,https://www.reddit.com/r/Crowdwiz_io/,-,-,-,1 200 ETH,icobazaar,-,90%,-,-,-,-,https://twitter.com/Crowdwiz,-,-,http://aff.icoaffiliates.co/l.aspx?A=21454,-,-
-,-,-,https://bitcointalk.org/index.php?topic=2216847.0,-,-,"Crypterium is revolutionary digital mobile cryptobank. Crypterium is aiming on provision of comprehensive vertical integrated services, cons ",https://www.facebook.com/covesting,https://github.com/covesting/covesting-io,500 BTC,-,13-01-2018,0.0001 BTC = 1 tokens,-,31-10-2017,-,-,-,https://icobazaar.com/static/rsz/logo_large/8cf3bc4b07f6d4cb4ac0c17def653285/logo-crpt.png,-,Crypterium,4.528,-,-,-,-,-,https://icobazaar.com/v2/crypterium,-,-,-,-,-,https://www.reddit.com/user/Covesting,-,-,-,14 500 BTC,icobazaar,-,001%,-,-,-,-,https://twitter.com/covesting,-,-,https://covesting.io,-,-
-,-,-,-,-,-,Data storage network and electronic currency based on Bitcoin ,-,-,-,-,07-09-2017,-,-,10-08-2017,-,-,-,https://icobazaar.com/static/rsz/logo_large/386612de9056401abe6a688b5290cabc/logo.png,-,Filecoin,4.5200000000000005,-,-,-,-,-,https://icobazaar.com/v2/filecoin,-,-,-,-,-,-,-,-,-,-,icobazaar,-,100%,-,-,-,-,https://twitter.com/minefilecoin,-,-,http://filecoin.io/,-,-
-,-,-,-,-,-,Distributed social proof insurance ,https://www.facebook.com/aeronpublic/,-,18 000 000 USD,-,05-02-2018,1 USD = 10 tokens,-,16-01-2018,-,-,-,https://icobazaar.com/static/rsz/logo_large/2756a8843fc99ca0bfc8e45bd492c534/InsurePal-Logo-TransparentJPG.jpeg,-,InsurePal ,4.5200000000000005,-,-,-,-,-,https://icobazaar.com/v2/insurepal_,-,-,-,-,-,https://www.reddit.com/user/aeronaero,-,-,-,5 000 000 USD,icobazaar,-,001%,-,-,-,-,https://twitter.com/aeron_aero,-,-,https://aeron.aero,-,-
-,-,-,-,-,-,Blockchain based Finance Platform approved by Swiss Bankers and Lawyers. ,https://www.facebook.com/aeronpublic/,-,-,-,15-04-2018,-,-,15-01-2018,-,-,-,https://icobazaar.com/static/rsz/logo_large/a05aa0fce897e818d586353e689f0072/Midex_Logo1.jpeg,-,Midex,4.4399999999999995,-,-,-,-,-,https://icobazaar.com/v2/covesting,-,-,-,-,-,https://www.reddit.com/user/aeronaero,-,-,-,-,icobazaar,-,001%,-,-,-,-,https://twitter.com/aeron_aero,-,-,https://aeron.aero,-,-
-,-,-,-,-,-,YouToken is a blockchain crowdfunding platform that converts human intelligence into financial assets (tokens).  ,https://www.facebook.com/SALTLENDING/,-,1 000 000 USD,-,31-03-2018,0.01 USD = 1 tokens,-,14-02-2018,-,-,-,https://icobazaar.com/static/rsz/logo_large/2c652043e31b2140a1fc4d35f9b67e9c/youtoken_icon_w.png,-,YouToken,4.4799999999999995,-,-,-,-,-,https://icobazaar.com/v2/youtoken,-,-,-,-,-,-,-,-,https://salt-community.herokuapp.com/,300 000 USD,icobazaar,-,100%,-,-,-,-,https://twitter.com/SALTLending,-,-,https://saltlending.com/,-,-
-,-,-,-,-,-,Zero trading fee cryptocurrency exchange platform for the blockchain era. ,https://www.facebook.com/opusfoundation/,https://github.com/Opus-foundation/,89 285 ETH,-,22-10-2017,1 ETH = 4000 tokens,-,13-09-2017,-,-,-,https://icobazaar.com/static/rsz/logo_large/41de95f48ab229f2609c5d85d645f035/logo.jpeg,-,Cobinhood,4.4,-,-,-,-,-,https://icobazaar.com/v2/bitclave,-,-,-,-,-,https://www.reddit.com/r/opusfoundation/,-,-,http://slack.opus-foundation.org/,-,icobazaar,-,80%,-,-,-,-,https://twitter.com/opusfoundation,-,-,http://opus-foundation.org/,-,-
-,-,-,https://bitcointalk.org/index.php?topic=2350898.0,-,-,A block chain based social dashboard that brings all social media networks into a single interface ,https://t.me/CoinLion_Platform,https://github.com/coin-lion,35 000 000 USD,-,11-09-2017,0.5 USD = 1 tokens,-,11-08-2017,-,-,https://www.linkedin.com/company/coinlion,https://icobazaar.com/static/rsz/logo_large/27f1912b827c4e8dbfc3c5bfed08ad6e/cropped-Logo-3-1-300x300.png,-,onG-Coin,4.4,-,-,-,-,-,https://icobazaar.com/v2/rpay,-,-,-,-,-,-,-,-,-,-,icobazaar,-,100%,-,-,-,-,https://twitter.com/coin_lion,-,-,https://coinlion.com/,-,-
-,-,-,https://bitcointalk.org/index.php?topic=2347477.0,-,-,The token for the new era of giving ,https://www.facebook.com/AidCoinCo/,https://github.com/aidcoinco,100 000 ETH,-,01-02-2018,1 ETH = 1000 tokens,-,16-01-2018,-,-,https://www.linkedin.com/company/27106336/,https://icobazaar.com/static/rsz/logo_large/8a1b5551c89766c80d586b7e9079c20c/logoOK_1.jpeg,-,AidCoin,4.4399999999999995,-,-,-,-,-,https://icobazaar.com/v2/aidcoin,-,-,-,-,-,https://www.reddit.com/r/AidCoin/,-,-,-,100 000 ETH,icobazaar,-,90%,-,https://t.me/aidcoin,-,-,https://twitter.com/aid_coin,-,-,https://www.aidcoin.co/,-,-
-,-,-,-,-,-,A platform that enables direct customer-to-business interaction with no need for intermediaries. ,https://www.facebook.com/SALTLENDING/,-,-,-,29-11-2017,0.0001219 ETH = 1 tokens,-,29-11-2017,-,-,-,https://icobazaar.com/static/rsz/logo_large/6dae3768500cd04a84bdf5ad307ca41d/logo1.png,-,Bitclave,4.470000000000001,-,-,-,-,-,https://icobazaar.com/v2/midex,-,-,-,-,-,-,-,-,https://salt-community.herokuapp.com/,-,icobazaar,-,100%,-,-,-,-,https://twitter.com/SALTLending,-,-,https://saltlending.com/,-,-
-,-,-,-,-,-,Decentralized peer-2-peer asset management platform ,https://www.facebook.com/aeronpublic/,-,25 000 ETH,-,15-01-2018,1 ETH = 720 tokens,-,24-11-2017,-,-,-,https://icobazaar.com/static/rsz/logo_large/660c81c7b81c082e403b97b74c41cb2c/Covesting.png,-,Covesting,4.481333333333334,-,-,-,-,-,https://icobazaar.com/v2/investfeed,-,-,-,-,-,https://www.reddit.com/user/aeronaero,-,-,-,2 000 ETH,icobazaar,-,001%,-,-,-,-,https://twitter.com/aeron_aero,-,-,https://aeron.aero,-,-
-,-,-,https://bitcointalk.org/index.php?topic=1970746.new#new,-,-,On a mission to build the world's first cryptocurrency social network for the world ,https://www.facebook.com/OneNameGlobal/,-,28 000 ETH,-,07-08-2017,1 ETH = 9000 tokens,-,23-07-2017,-,-,-,https://icobazaar.com/static/rsz/logo_large/69efc236775365a353d8b038fb2bf0a1/druJZI4Q_400x400.jpeg,-,investFeed,4.4,-,-,-,-,-,https://icobazaar.com/v2/rivetz,-,-,-,-,-,-,-,-,-,1 500 ETH,icobazaar,-,80%,-,-,-,-,https://twitter.com/OneName_Global,-,-,https://www.ongcoin.io/,-,-
-,-,-,https://bitcointalk.org/index.php?topic=1978067.new#new,-,-,Decentralized peer-2-peer asset management platform ,https://www.facebook.com/Monetha.io,-,25 000 ETH,-,15-01-2018,1 ETH = 720 tokens,-,24-11-2017,-,-,-,https://icobazaar.com/static/rsz/logo_large/660c81c7b81c082e403b97b74c41cb2c/Covesting.png,-,Covesting,4.481333333333334,-,-,-,-,-,https://icobazaar.com/v2/monetha,-,-,-,-,-,https://www.reddit.com/r/Monetha/,-,-,http://slack.monetha.io/,2 000 ETH,icobazaar,-,100%,-,-,-,-,https://twitter.com/Monetha_io,-,-,http://www.monetha.io/,-,-
-,-,-,https://bitcointalk.org/index.php?topic=2350898.0,-,-,A block chain based social dashboard that brings all social media networks into a single interface ,https://t.me/CoinLion_Platform,https://github.com/coin-lion,35 000 000 USD,-,11-09-2017,0.5 USD = 1 tokens,-,11-08-2017,-,-,https://www.linkedin.com/company/coinlion,https://icobazaar.com/static/rsz/logo_large/27f1912b827c4e8dbfc3c5bfed08ad6e/cropped-Logo-3-1-300x300.png,-,onG-Coin,4.4,-,-,-,-,-,https://icobazaar.com/v2/cobinhood,-,-,-,-,-,-,-,-,-,-,icobazaar,-,100%,-,-,-,-,https://twitter.com/coin_lion,-,-,https://coinlion.com/,-,-
-,-,-,https://bitcointalk.org/index.php?topic=2411104.0,-,-,Blockchain - Backed loans ,https://t.me/ATFS_ICO,https://github.com/ATFSLAB,-,-,01-09-2017,0.03333333333 ETH = 1 tokens,-,15-08-2017,-,-,https://www.linkedin.com/company/atfs,https://icobazaar.com/static/rsz/logo_large/4b88fe54b69b3e89528d46188562bad5/18814168_348728552209433_148759861050668587_n.png,-,SALT,4.4,-,-,-,-,-,https://icobazaar.com/v2/salt,-,-,-,-,-,https://www.reddit.com/user/ATFS_Lab/,-,-,https://medium.com/@atfslab,-,icobazaar,-,90%,-,https://www.facebook.com/atfslab/,-,-,https://twitter.com/AtfsLab,-,-,https://www.atfslab.io/,-,-
-,-,-,https://bitcointalk.org/index.php?topic=1970746.new#new,-,-,Blockchain solutions for aviation safety ,https://www.facebook.com/OneNameGlobal/,-,10 000 000 USD,-,31-10-2017,0.5 USD = 1 tokens,-,19-09-2017,-,-,-,https://icobazaar.com/static/rsz/logo_large/e2f64a2572efa53c8a4bdc31ad2797ae/ARN_token_logo_256x256.png,-,Aeron,4.38,-,-,-,-,-,https://icobazaar.com/v2/ong-coin,-,-,-,-,-,-,-,-,-,30 000 000 USD,icobazaar,-,80%,-,-,-,-,https://twitter.com/OneName_Global,-,-,https://www.ongcoin.io/,-,-
-,-,-,https://bitcointalk.org/index.php?topic=2211728.0,-,-,Blockchain based Finance Platform approved by Swiss Bankers and Lawyers. ,https://www.facebook.com/SportyFi.io,https://github.com/sportyfi,-,-,15-04-2018,-,-,15-01-2018,-,-,-,https://icobazaar.com/static/rsz/logo_large/a05aa0fce897e818d586353e689f0072/Midex_Logo1.jpeg,-,Midex,4.4399999999999995,-,-,-,-,-,https://icobazaar.com/v2/tierion,-,-,-,-,-,-,-,-,https://join.slack.com/t/sportyfi/shared_invite/MjQwNjIyMDk0MjQzLTE1MDUzMjkxNjktZGM4Y2Q0MjVjMg,-,icobazaar,-,001%,-,-,-,-,https://twitter.com/sportyfi_io,-,-,https://sportyfi.io/,-,-
-,-,-,https://bitcointalk.org/index.php?topic=1970746.new#new,-,-,Trusted Quality of Food & Medicine ,https://www.facebook.com/OneNameGlobal/,-,-,-,13-10-2017,1 ETH = 1100 tokens,-,13-09-2017,-,-,-,https://icobazaar.com/static/rsz/logo_large/88821e6570012b11349525e87ad6516f/_nSEjidJ_400x400.jpeg,-,Ambrosus,4.4,-,-,-,-,-,https://icobazaar.com/v2/ambrosus,-,-,-,-,-,-,-,-,-,-,icobazaar,-,80%,-,-,-,-,https://twitter.com/OneName_Global,-,-,https://www.ongcoin.io/,-,-
-,-,-,-,-,-,A universal platform for verifiable data ,-,https://github.com/enigmampc,25 000 000 USD,-,27-07-2017,1 USD = 8 tokens,-,27-07-2017,-,-,-,https://icobazaar.com/static/rsz/logo_large/a9da77885a358009722e5f154cf3e4c5/yPkOptzU_400x400.png,-,Tierion,4.4,-,-,-,-,-,https://icobazaar.com/v2/enigma,-,-,-,-,-,https://www.reddit.com/r/enigmacatalyst/,-,-,https://slack.enigma.co/,-,icobazaar,-,100%,-,-,-,-,-,-,-,https://www.enigma.co/,-,-
-,-,-,https://bitcointalk.org/index.php?action=profile;u=1129177,-,-,Blockchain solutions for aviation safety ,https://www.facebook.com/confideal.io/,https://github.com/confideal/ico-contracts,10 000 000 USD,-,31-10-2017,0.5 USD = 1 tokens,-,19-09-2017,-,-,-,https://icobazaar.com/static/rsz/logo_large/e2f64a2572efa53c8a4bdc31ad2797ae/ARN_token_logo_256x256.png,-,Aeron,4.38,-,-,-,-,-,https://icobazaar.com/v2/gif_by_socifi,-,-,-,-,-,https://www.reddit.com/user/Confideal/,-,-,-,30 000 000 USD,icobazaar,-,86%,-,-,-,-,https://twitter.com/confideal_io,-,-,https://confideal.io,-,-
-,-,-,https://bitcointalk.org/index.php?topic=2631189.0,-,-,Blockchain based Finance Platform approved by Swiss Bankers and Lawyers. ,https://t.me/parkgene,https://github.com/parkgene,-,-,15-04-2018,-,-,15-01-2018,-,-,https://www.linkedin.com/company/11353798/,https://icobazaar.com/static/rsz/logo_large/a05aa0fce897e818d586353e689f0072/Midex_Logo1.jpeg,-,Midex,4.4399999999999995,-,-,-,-,-,https://icobazaar.com/v2/restart_energy_democracy_mwat,-,-,-,-,-,-,-,-,-,-,icobazaar,-,90%,-,-,-,-,https://twitter.com/PARKGENE1,-,-,https://parkgene.io,-,-
-,-,-,https://bitcointalk.org/index.php?topic=2205251.0,-,-,"CoinLion - An Exchange, Portfolio Management Platform & Token Economy Incentivizing Crypto Traders. ",https://facebook.com/refereum,https://bitbucket.org/hfio/hfio,40 000 ETH,-,25-02-2018,1 ETH = 2500 tokens,-,18-12-2017,-,-,-,https://icobazaar.com/static/rsz/logo_large/902295c07c9fa77236b44a3b19fa5d63/CoinLion_Logo_Main.png,-,CoinLion,4.36,-,-,-,-,-,https://icobazaar.com/v2/aeron,-,-,-,-,-,https://www.reddit.com/r/refereum,-,-,-,2 000 ETH,icobazaar,-,90%,-,-,-,-,https://twitter.com/refereum,-,-,https://refereum.com/,-,-
-,-,-,https://bitcointalk.org/index.php?action=profile;u=1129177,-,-,A block chain based social dashboard that brings all social media networks into a single interface ,https://www.facebook.com/confideal.io/,https://github.com/confideal/ico-contracts,35 000 000 USD,-,11-09-2017,0.5 USD = 1 tokens,-,11-08-2017,-,-,-,https://icobazaar.com/static/rsz/logo_large/27f1912b827c4e8dbfc3c5bfed08ad6e/cropped-Logo-3-1-300x300.png,-,onG-Coin,4.4,-,-,-,-,-,https://icobazaar.com/v2/playkey_decentralized_cloud_gaming_platform,-,-,-,-,-,https://www.reddit.com/user/Confideal/,-,-,-,-,icobazaar,-,86%,-,-,-,-,https://twitter.com/confideal_io,-,-,https://confideal.io,-,-
-,-,-,https://bitcointalk.org/index.php?topic=2262673.0,-,-,"1st celebrity management platform on the blockchain, connecting stars, fans & advertisers ",http://facebook.com/Bank4YOUGroup,https://github.com/Bank4YOUGroup/BFYContracts,15 000 000 USD,-,28-02-2018,-,-,20-12-2017,-,-,-,https://icobazaar.com/static/rsz/logo_large/d07b397fae53c0dfa314383d485e54a0/logo_tokenstars.png,-,TokenStars TEAM,4.351999999999999,-,-,-,-,-,https://icobazaar.com/v2/coinlion,-,-,-,-,-,https://www.reddit.com/r/ethtrader/comments/78o1ex/bank4you_ico_launching_their_bfy_token_10262017/,-,-,https://bank4youico.slack.com/,5 000 000 USD,icobazaar,-,90%,-,-,-,-,https://twitter.com/Bank4YOUGroup,-,-,https://www.bank4you.io/,-,-
-,-,-,https://bitcointalk.org/index.php?topic=2043613.0,-,-,"1st celebrity management platform on the blockchain, connecting stars, fans & advertisers ",https://t.me/tokenstars_en,https://gist.github.com/tokenstars,15 000 000 USD,-,28-02-2018,-,-,20-12-2017,-,-,https://www.linkedin.com/company/tokenstars,https://icobazaar.com/static/rsz/logo_large/d07b397fae53c0dfa314383d485e54a0/logo_tokenstars.png,-,TokenStars TEAM,4.351999999999999,-,-,-,-,-,https://icobazaar.com/v2/tokenstars_team,-,-,-,-,-,https://reddit.com/r/tokenstars,-,-,-,5 000 000 USD,icobazaar,-,100%,-,-,-,-,https://twitter.com/tokenstars,-,-,https://tokenstars.com/team/?utm_source=icobazaar.com,-,-
-,-,-,https://bitcointalk.org/index.php?topic=2205251.0,-,-,"Confideal, a service that allows you to create smart contracts with no coding skills as well as solve disputes with arbitration module. ",https://facebook.com/refereum,https://bitbucket.org/hfio/hfio,70 000 ETH,-,22-11-2017,-,-,02-11-2017,-,-,-,https://icobazaar.com/static/rsz/logo_large/6b7037f67a353e1eecd3c8e6130cbb8c/LOGO_CONFI_200x200.png,-,Confideal,4.287999999999999,-,-,-,-,-,https://icobazaar.com/v2/streamity_,-,-,-,-,-,https://www.reddit.com/r/refereum,-,-,-,5 000 ETH,icobazaar,-,90%,-,-,-,-,https://twitter.com/refereum,-,-,https://refereum.com/,-,-
-,-,-,https://bitcointalk.org/index.php?topic=2567602.0,-,-,Decentralized Ecosystem Directly Connecting Grocery Manufacturers and Consumers ,https://t.me/GizaDevice,https://github.com/GizaDevice,60 000 ETH,-,25-12-2017,1 ETH = 300 tokens,-,04-12-2017,-,-,https://www.linkedin.com/company/giza-device/,https://icobazaar.com/static/rsz/logo_large/ef37bb0cc4817e067021b202057c7d6a/logo1024.png,-,INS Ecosystem,4.328,-,-,-,-,-,https://icobazaar.com/v2/ins_ecosystem,-,-,-,-,-,https://www.reddit.com/user/GizaDevice/,-,-,youtube.com/watch?v=FZeIanN_Trw,20 000 ETH,icobazaar,-,001%,-,https://t.me/GizaDevice,-,-,https://twitter.com/GizaDevice,-,-,https://gizadevice.com,-,-
-,-,-,-,-,-,"AppCoins is the first cryptocurrency for app stores, serving 200 million active users. ",https://www.facebook.com/TokenStars/,-,62 120 ETH,-,15-01-2018,1 ETH = 2995 tokens,-,13-12-2017,-,-,-,https://icobazaar.com/static/rsz/logo_large/3b2ee66910365465d05cf4376512ec53/appcoins.jpeg,-,AppCoins,4.306666666666667,-,-,-,-,-,https://icobazaar.com/v2/parkgene_-_peer_to_peer_parking_on_blockchain,-,-,-,-,-,-,-,-,https://tokenstars.now.sh/,-,icobazaar,-,80%,-,-,-,-,https://twitter.com/TokenStars,-,-,https://tokenstars.com/ace/,-,-
-,-,-,https://bitcointalk.org/index.php?topic=2262673.0,-,-,"1st celebrity management platform on the blockchain, connecting stars, fans & advertisers ",http://facebook.com/Bank4YOUGroup,https://github.com/Bank4YOUGroup/BFYContracts,15 000 000 USD,-,28-02-2018,-,-,20-12-2017,-,-,-,https://icobazaar.com/static/rsz/logo_large/d07b397fae53c0dfa314383d485e54a0/logo_tokenstars.png,-,TokenStars TEAM,4.351999999999999,-,-,-,-,-,https://icobazaar.com/v2/opus,-,-,-,-,-,https://www.reddit.com/r/ethtrader/comments/78o1ex/bank4you_ico_launching_their_bfy_token_10262017/,-,-,https://bank4youico.slack.com/,5 000 000 USD,icobazaar,-,90%,-,-,-,-,https://twitter.com/Bank4YOUGroup,-,-,https://www.bank4you.io/,-,-
-,-,-,https://bitcointalk.org/index.php?topic=2285136.0,-,-,Refereum cuts out the marketing middleman by directly rewarding influencers and gamers to promote and play video games. ,https://www.facebook.com/indahash,https://github.com/indahash,25 000 000 USD,-,12-01-2018,0.01 USD = 1 tokens,-,12-12-2017,-,-,-,https://icobazaar.com/static/rsz/logo_large/82a1ff89b690246fdf84be6e35573107/rfrlogo_preview.png,-,Refereum,4.279999999999999,-,-,-,-,-,https://icobazaar.com/v2/sportyfi,-,-,-,-,-,https://www.reddit.com/r/indaHash/,-,-,https://indahashico-slack.herokuapp.com/,-,icobazaar,-,86%,-,-,-,-,https://twitter.com/indahash,-,-,https://indahash.com/ico,-,-
-,-,-,-,-,-,"AppCoins is the first cryptocurrency for app stores, serving 200 million active users. ",https://www.facebook.com/AppCoinsOfficial/,https://github.com/Aptoide/AppCoins/,62 120 ETH,-,15-01-2018,1 ETH = 2995 tokens,-,13-12-2017,-,-,-,https://icobazaar.com/static/rsz/logo_large/3b2ee66910365465d05cf4376512ec53/appcoins.jpeg,-,AppCoins,4.306666666666667,-,-,-,-,-,https://icobazaar.com/v2/appcoins,-,-,-,-,-,https://www.reddit.com/r/AppcoinsProtocol/,-,-,https://appcoinsofficial.slack.com,-,icobazaar,-,96%,-,-,-,-,https://twitter.com/AppCoinsProject,-,-,https://appcoins.io/,-,-
-,-,-,-,-,-,"Confideal, a service that allows you to create smart contracts with no coding skills as well as solve disputes with arbitration module. ",https://www.facebook.com/WePowerNetwork,https://github.com/WePowerNetwork,70 000 ETH,-,22-11-2017,-,-,02-11-2017,-,-,https://www.linkedin.com/company/11205077/,https://icobazaar.com/static/rsz/logo_large/6b7037f67a353e1eecd3c8e6130cbb8c/LOGO_CONFI_200x200.png,-,Confideal,4.287999999999999,-,-,-,-,-,https://icobazaar.com/v2/confideal,-,-,-,-,-,https://www.reddit.com/r/WePowerNetwork/,-,-,-,5 000 ETH,icobazaar,-,90%,-,https://t.me/WePowerNetwork,-,-,https://twitter.com/WePowerN,-,-,https://www.wepower.network,-,-
-,-,-,https://bitcointalk.org/index.php?topic=2324425.0,-,-,"Confideal, a service that allows you to create smart contracts with no coding skills as well as solve disputes with arbitration module. ",https://t.me/caviar0x,https://news.caviar.io,70 000 ETH,-,22-11-2017,-,-,02-11-2017,-,-,https://www.linkedin.com/company/11263955/,https://icobazaar.com/static/rsz/logo_large/6b7037f67a353e1eecd3c8e6130cbb8c/LOGO_CONFI_200x200.png,-,Confideal,4.287999999999999,-,-,-,-,-,https://icobazaar.com/v2/refereum,-,-,-,-,-,https://www.reddit.com/r/Caviar0x/,-,-,-,5 000 ETH,icobazaar,-,90%,-,https://www.facebook.com/Caviario-399312880484276/,-,-,https://twitter.com/caviar0x,-,-,https://caviar.io,-,-
-,-,-,-,-,-,Decentralized P2P platform for exchange of cryptocurrency to fiat money without intermediaries on the basis of smart contracts. ,https://www.facebook.com/WePowerNetwork,https://github.com/WePowerNetwork,4 000 000 USD,-,24-03-2018,200 USD = 1000 tokens,-,11-03-2018,-,-,https://www.linkedin.com/company/11205077/,https://icobazaar.com/static/rsz/logo_large/0a89658504076e3306031520b0e303fd/PNG_LOGO_streamity_color_256*256.png,-,Streamity ,4.343999999999999,-,-,-,-,-,https://icobazaar.com/v2/atfs,-,-,-,-,-,https://www.reddit.com/r/WePowerNetwork/,-,-,-,-,icobazaar,-,90%,-,https://t.me/WePowerNetwork,-,-,https://twitter.com/WePowerN,-,-,https://www.wepower.network,-,-
-,-,-,https://bitcointalk.org/index.php?topic=2285136.0,-,-,Hardware Cryptowallet & Password Manger ,https://www.facebook.com/indahash,https://github.com/indahash,4 500 ETH,-,08-02-2018,1 ETH = 675 tokens,-,08-01-2018,-,-,-,https://icobazaar.com/static/rsz/logo_large/ada1c4607b460392b1bb59c341723713/Logo_2.jpeg,-,Giza Device,4.232000000000001,-,-,-,-,-,https://icobazaar.com/v2/bankera,-,-,-,-,-,https://www.reddit.com/r/indaHash/,-,-,https://indahashico-slack.herokuapp.com/,22 000 ETH,icobazaar,-,86%,-,-,-,-,https://twitter.com/indahash,-,-,https://indahash.com/ico,-,-
-,-,-,-,-,-,"The award winning app, connecting brands with 300 000 influencers worldwide, is now set to tokenize the influencer marketing industry ",https://www.facebook.com/WePowerNetwork,https://github.com/WePowerNetwork,100 000 ETH,-,20-12-2017,1 ETH = 3200 tokens,-,29-11-2017,-,-,https://www.linkedin.com/company/11205077/,https://icobazaar.com/static/rsz/logo_large/49a2f30d93d6c6c889e99c944266c48d/indahash_coin_circle.png,-,indaHash,4.240000000000001,-,-,-,-,-,https://icobazaar.com/v2/caviar_ico,-,-,-,-,-,https://www.reddit.com/r/WePowerNetwork/,-,-,-,8 950 ETH,icobazaar,-,90%,-,https://t.me/WePowerNetwork,-,-,https://twitter.com/WePowerN,-,-,https://www.wepower.network,-,-
-,-,-,https://bitcointalk.org/index.php?topic=2176173.0,-,-,"The award winning app, connecting brands with 300 000 influencers worldwide, is now set to tokenize the influencer marketing industry ",https://www.facebook.com/ESRwallet/,-,100 000 ETH,-,20-12-2017,1 ETH = 3200 tokens,-,29-11-2017,-,-,-,https://icobazaar.com/static/rsz/logo_large/49a2f30d93d6c6c889e99c944266c48d/indahash_coin_circle.png,-,indaHash,4.240000000000001,-,-,-,-,-,https://icobazaar.com/v2/indahash,-,-,-,-,-,https://www.reddit.com/user/esr_wallet,-,-,-,8 950 ETH,icobazaar,-,80%,-,-,-,-,https://twitter.com/ESR_WALLET,-,-,https://esrwallet.io/,-,-
-,-,-,https://bitcointalk.org/index.php?topic=2631189.0,-,-,Decentralized P2P platform for exchange of cryptocurrency to fiat money without intermediaries on the basis of smart contracts. ,https://t.me/parkgene,https://github.com/parkgene,4 000 000 USD,-,24-03-2018,200 USD = 1000 tokens,-,11-03-2018,-,-,https://www.linkedin.com/company/11353798/,https://icobazaar.com/static/rsz/logo_large/0a89658504076e3306031520b0e303fd/PNG_LOGO_streamity_color_256*256.png,-,Streamity ,4.343999999999999,-,-,-,-,-,https://icobazaar.com/v2/rentberry,-,-,-,-,-,-,-,-,-,-,icobazaar,-,90%,-,-,-,-,https://twitter.com/PARKGENE1,-,-,https://parkgene.io,-,-
-,-,-,https://bitcointalk.org/index.php?topic=2285136.0,-,-,Hardware Cryptowallet & Password Manger ,https://www.facebook.com/indahash,https://github.com/indahash,4 500 ETH,-,08-02-2018,1 ETH = 675 tokens,-,08-01-2018,-,-,-,https://icobazaar.com/static/rsz/logo_large/ada1c4607b460392b1bb59c341723713/Logo_2.jpeg,-,Giza Device,4.232000000000001,-,-,-,-,-,https://icobazaar.com/v2/bank4you,-,-,-,-,-,https://www.reddit.com/r/indaHash/,-,-,https://indahashico-slack.herokuapp.com/,22 000 ETH,icobazaar,-,86%,-,-,-,-,https://twitter.com/indahash,-,-,https://indahash.com/ico,-,-
-,-,-,https://bitcointalk.org/index.php?topic=2170828,-,-,Hardware Cryptowallet & Password Manger ,https://www.facebook.com/afterschool.ae/,https://github.com/afterschoolae,4 500 ETH,-,08-02-2018,1 ETH = 675 tokens,-,08-01-2018,-,-,-,https://icobazaar.com/static/rsz/logo_large/ada1c4607b460392b1bb59c341723713/Logo_2.jpeg,-,Giza Device,4.232000000000001,-,-,-,-,-,https://icobazaar.com/v2/giza_device,-,-,-,-,-,https://www.reddit.com/user/afterschoolae/,-,-,https://slack.afterschool.ae,22 000 ETH,icobazaar,-,80%,-,-,-,-,https://twitter.com/afterschoolae,-,-,https://tokensale.afterschool.ae,-,-
-,-,-,-,-,-,The world's first  decentralised music platform ,https://www.facebook.com/bankeracom/,-,97 000 ETH,-,25-08-2017,1 ETH = 7000 tokens,-,15-07-2017,-,-,-,https://icobazaar.com/static/rsz/logo_large/d4cbbe94341d2d40b2eb648ec24e5e31/19748672_129702397624192_2433083155966874115_n.png,-,Opus,4.32,-,-,-,-,-,https://icobazaar.com/v2/dreamteam,-,-,-,-,-,-,-,-,-,-,icobazaar,-,80%,-,-,-,-,https://twitter.com/Bankeracom,-,-,https://bankera.com/,-,-
-,-,-,https://bitcointalk.org/index.php?topic=2285136.0,-,-,Start-up from the heart of Berlin has pioneered decentralized mobile mining by combining blockchain with regenerative energy ,https://www.facebook.com/indahash,https://github.com/indahash,150 000 000 USD,-,30-12-2017,-,-,30-11-2017,-,-,-,https://icobazaar.com/static/rsz/logo_large/286ec7f961ea0f6750c4b53cbf63503d/22.png,-,envion,4.209454545454546,-,-,-,-,-,https://icobazaar.com/v2/wepower_network,-,-,-,-,-,https://www.reddit.com/r/indaHash/,-,-,https://indahashico-slack.herokuapp.com/,100 000 000 USD,icobazaar,-,86%,-,-,-,-,https://twitter.com/indahash,-,-,https://indahash.com/ico,-,-
-,-,-,-,-,-,P2P Parking - Airbnb like - to disrupt the $100B Global Parking market. Parking 2x easier and 10x cheaper. ,https://www.facebook.com/sharpecapital,https://github.com/sharpe-capital,35 000 000 USD,-,19-03-2018,-,-,15-12-2017,-,-,-,https://icobazaar.com/static/rsz/logo_large/f421ab41c46dcd7da3e815c26ddbe2a3/Parkgene_logo_1.png,-,PARKGENE - Peer to Peer Parking on Blockchain,4.328,-,-,-,-,-,https://icobazaar.com/v2/envion,-,-,-,-,-,https://www.reddit.com/r/SharpeCapital/,-,-,https://sharpe.capital/slack,0.1 USD,icobazaar,-,80%,-,https://t.me/sharpecapital,-,-,https://twitter.com/sharpecapital,-,-,https://sharpe.capital/,-,-
-,-,-,https://bitcointalk.org/index.php?topic=2158272.0,-,-,P2P Parking - Airbnb like - to disrupt the $100B Global Parking market. Parking 2x easier and 10x cheaper. ,https://www.facebook.com/mirocana/,-,35 000 000 USD,-,19-03-2018,-,-,15-12-2017,-,-,-,https://icobazaar.com/static/rsz/logo_large/f421ab41c46dcd7da3e815c26ddbe2a3/Parkgene_logo_1.png,-,PARKGENE - Peer to Peer Parking on Blockchain,4.328,-,-,-,-,-,https://icobazaar.com/v2/afterschool,-,-,-,-,-,-,-,-,-,0.1 USD,icobazaar,-,001%,-,-,-,-,https://twitter.com/mirocana,-,-,https://mirocana.com/token-sale/,-,-
-,-,-,-,-,-,P2P Parking - Airbnb like - to disrupt the $100B Global Parking market. Parking 2x easier and 10x cheaper. ,https://www.facebook.com/CanYaapp/,https://github.com/CanYaCoinSale/,35 000 000 USD,-,19-03-2018,-,-,15-12-2017,-,-,-,https://icobazaar.com/static/rsz/logo_large/f421ab41c46dcd7da3e815c26ddbe2a3/Parkgene_logo_1.png,-,PARKGENE - Peer to Peer Parking on Blockchain,4.328,-,-,-,-,-,https://icobazaar.com/v2/starbase,-,-,-,-,-,https://www.reddit.com/r/CanYaCoin/,-,-,https://t.me/canyacoin,0.1 USD,icobazaar,-,80%,-,-,-,-,https://twitter.com/canya_io,-,-,https://canya.io/,-,-
-,-,-,http://https//bitcointalk.org/index.php?topic=2544491.0,-,-,Banking the blockchain era ,https://t.me/shipchain,-,181 000 000 USD,-,01-03-2018,-,-,27-11-2017,-,-,https://www.linkedin.com/company/shipchain/,https://icobazaar.com/static/rsz/logo_large/90f1832efd4585e0cdef13ecfaa63b47/logo1.png,-,Bankera,4.260000000000001,-,-,-,-,-,https://icobazaar.com/v2/mybit,-,-,-,-,-,-,-,-,-,-,icobazaar,-,001%,-,https://www.facebook.com/shipchain,-,-,https://twitter.com/shipchain,-,-,https://shipchain.io,-,-
-,-,-,https://bitcointalk.org/index.php?topic=2272196,-,-,Banking the blockchain era ,https://www.facebook.com/HumanDiscoveryHD/,https://github.com/hdplatform/hdplatform,181 000 000 USD,-,01-03-2018,-,-,27-11-2017,-,-,-,https://icobazaar.com/static/rsz/logo_large/90f1832efd4585e0cdef13ecfaa63b47/logo1.png,-,Bankera,4.260000000000001,-,-,-,-,-,https://icobazaar.com/v2/hubii,-,-,-,-,-,-,-,-,-,-,icobazaar,-,82%,-,-,-,-,https://twitter.com/discovery_human,-,-,https://hdplatform.io,-,-
-,-,-,https://bitcointalk.org/index.php?topic=2158272.0,-,-,Universal payment and credit service with support of popular cryptocurrencies ,https://www.facebook.com/mirocana/,-,85 714 285 USD,-,31-10-2017,10 USD = 1 tokens,-,24-09-2017,-,-,-,https://icobazaar.com/static/rsz/logo_large/78d731b09065c31e553b8004003a3d84/IMG_20170918_175053.jpeg,-,ESR Wallet,4.2,-,-,-,-,-,https://icobazaar.com/v2/tokenstars,-,-,-,-,-,-,-,-,-,30 000 000 USD,icobazaar,-,001%,-,-,-,-,https://twitter.com/mirocana,-,-,https://mirocana.com/token-sale/,-,-
-,-,-,https://bitcointalk.org/index.php?topic=2272196,-,-,CanYa is a peer to peer market of skilled services - where users are instantly connected to service providers. ,https://www.facebook.com/HumanDiscoveryHD/,https://github.com/hdplatform/hdplatform,58 667 ETH,-,26-12-2017,1 ETH = 500 tokens,-,26-11-2017,-,-,-,https://icobazaar.com/static/rsz/logo_large/8d2e297a84341e92a25375622086ea16/CanYa_AppIcon_512.png,-,CanYa,4.1946666666666665,-,-,-,-,-,https://icobazaar.com/v2/blackmoon,-,-,-,-,-,-,-,-,-,-,icobazaar,-,82%,-,-,-,-,https://twitter.com/discovery_human,-,-,https://hdplatform.io,-,-
-,-,-,https://bitcointalk.org/index.php?topic=2042871.0,-,-,Simplified Booking Management and After School Activity Marketplace  powered by blockchain ,https://www.facebook.com/enjinsocial/,https://github.com/enjin,-,-,26-10-2017,-,-,26-09-2017,-,-,-,https://icobazaar.com/static/rsz/logo_large/a905c31aed9b139cb285158744592d2f/afterschool.jpeg,-,Afterschool,4.2,-,-,-,-,-,https://icobazaar.com/v2/enjin_coin,-,-,-,-,-,https://www.reddit.com/r/EnjinCoin/,-,-,https://enjincoin.io/slack/,50 000 ETH,icobazaar,-,80%,-,-,-,-,https://twitter.com/enjincs,-,-,https://enjincoin.io/,-,-
-,-,-,https://bitcointalk.org/index.php?topic=2353775,-,-,"Applying Machine Learning & Artificial Intelligence to the stock market, and crowdsourcing sentiment analysis via the Ethereum blockchain. ",-,https://github.com/Scorum,500 000 ETH,-,04-02-2018,1 ETH = 2000 tokens,-,13-11-2017,-,-,https://www.linkedin.com/company/18207220/,https://icobazaar.com/static/rsz/logo_large/25c6dda94cc9d7cbfce33bb8cabf9172/uYoqDf8F_400x400.jpeg,-,Sharpe Capital,4.16,-,-,-,-,-,https://icobazaar.com/v2/suncoin__pre-ico_,-,-,-,-,-,https://www.reddit.com/r/Scorum/,-,-,-,-,icobazaar,-,76%,-,https://telegram.me/SCORUM,-,-,https://twitter.com/scorum_en,-,-,https://scorumcoins.com,-,-
-,-,-,https://bitcointalk.org/index.php?topic=2479328,-,-,Simplified Booking Management and After School Activity Marketplace  powered by blockchain ,https://facebook.com/IQeon-1300996646678795,https://github.com/iqeon/smart-contract,-,-,26-10-2017,-,-,26-09-2017,-,-,https://www.linkedin.com/company-beta/18310969,https://icobazaar.com/static/rsz/logo_large/a905c31aed9b139cb285158744592d2f/afterschool.jpeg,-,Afterschool,4.2,-,-,-,-,-,https://icobazaar.com/v2/esr_wallet,-,-,-,-,-,https://www.reddit.com/r/IQeon,-,-,https://join.slack.com/t/iqeon/shared_invite/enQtMzEwMDM0OTc0MzA1LTlmYzNhYzVmOGUzY2JjMWE3M2Y1YzlmOGMyZTU1ZDdmYTJmZTA5ZWFjOWM3YjIwMzgyZjY4ZjRjYzQ1NzQzZGY,50 000 ETH,icobazaar,-,82%,-,https://t.me/IQeonICO,-,-,https://twitter.com/IQeon,-,-,https://iqeon.io/en?utm_source=icobazaar,-,-
-,-,-,https://bitcointalk.org/index.php?topic=2225992.new#new,-,-,"Applying Machine Learning & Artificial Intelligence to the stock market, and crowdsourcing sentiment analysis via the Ethereum blockchain. ",https://t.me/cryptopusco,https://github.com/cryptopus,500 000 ETH,-,04-02-2018,1 ETH = 2000 tokens,-,13-11-2017,-,-,https://www.linkedin.com/company/11374168/,https://icobazaar.com/static/rsz/logo_large/25c6dda94cc9d7cbfce33bb8cabf9172/uYoqDf8F_400x400.jpeg,-,Sharpe Capital,4.16,-,-,-,-,-,https://icobazaar.com/v2/x8_project,-,-,-,-,-,https://www.reddit.com/user/cryptopusco/,-,-,-,-,icobazaar,-,001%,-,https://t.me/cryptopus_eng,-,-,https://twitter.com/cryptopusco,-,-,https://cryptopus.co,-,-
-,-,-,https://bitcointalk.org/index.php?topic=2479328,-,-,Simplified Booking Management and After School Activity Marketplace  powered by blockchain ,https://facebook.com/IQeon-1300996646678795,https://github.com/iqeon/smart-contract,-,-,26-10-2017,-,-,26-09-2017,-,-,https://www.linkedin.com/company-beta/18310969,https://icobazaar.com/static/rsz/logo_large/a905c31aed9b139cb285158744592d2f/afterschool.jpeg,-,Afterschool,4.2,-,-,-,-,-,https://icobazaar.com/v2/onplace_inc.,-,-,-,-,-,https://www.reddit.com/r/IQeon,-,-,https://join.slack.com/t/iqeon/shared_invite/enQtMzEwMDM0OTc0MzA1LTlmYzNhYzVmOGUzY2JjMWE3M2Y1YzlmOGMyZTU1ZDdmYTJmZTA5ZWFjOWM3YjIwMzgyZjY4ZjRjYzQ1NzQzZGY,50 000 ETH,icobazaar,-,82%,-,https://t.me/IQeonICO,-,-,https://twitter.com/IQeon,-,-,https://iqeon.io/en?utm_source=icobazaar,-,-
-,-,-,https://bitcointalk.org/index.php?topic=2479328,-,-,Mirocana AI to predict financial markets ,https://facebook.com/IQeon-1300996646678795,https://github.com/iqeon/smart-contract,60 000 ETH,-,19-12-2017,0.001 ETH = 1 tokens,-,19-11-2017,-,-,https://www.linkedin.com/company-beta/18310969,https://icobazaar.com/static/rsz/logo_large/0e46fc63e96622fef0f2fba5013e0d57/500_x_500.png,-,Mirocana,4.16,-,-,-,-,-,https://icobazaar.com/v2/iqeon,-,-,-,-,-,https://www.reddit.com/r/IQeon,-,-,https://join.slack.com/t/iqeon/shared_invite/enQtMzEwMDM0OTc0MzA1LTlmYzNhYzVmOGUzY2JjMWE3M2Y1YzlmOGMyZTU1ZDdmYTJmZTA5ZWFjOWM3YjIwMzgyZjY4ZjRjYzQ1NzQzZGY,-,icobazaar,-,82%,-,https://t.me/IQeonICO,-,-,https://twitter.com/IQeon,-,-,https://iqeon.io/en?utm_source=icobazaar,-,-
-,-,-,https://bitcointalk.org/index.php?topic=2064964.0,-,-,CanYa is a peer to peer market of skilled services - where users are instantly connected to service providers. ,https://www.facebook.com/solarbankerssingapore/,https://github.com/SolarBankers/SunCoin,58 667 ETH,-,26-12-2017,1 ETH = 500 tokens,-,26-11-2017,-,-,-,https://icobazaar.com/static/rsz/logo_large/8d2e297a84341e92a25375622086ea16/CanYa_AppIcon_512.png,-,CanYa,4.1946666666666665,-,-,-,-,-,https://icobazaar.com/v2/canya,-,-,-,-,-,-,-,-,https://join.slack.com/t/solarbankers/signup,-,icobazaar,-,100%,-,-,-,-,https://twitter.com/SolarBankers_,-,-,http://solarbankers.com,-,-
-,-,-,https://bitcointalk.org/index.php?topic=2479328,-,-,The first blockchain company to tokenize aspiring celebrities' careers. ,https://facebook.com/IQeon-1300996646678795,https://github.com/iqeon/smart-contract,9 900 BTC,-,31-10-2017,0.0001 BTC = 1 tokens,-,10-09-2017,-,-,https://www.linkedin.com/company-beta/18310969,https://icobazaar.com/static/rsz/logo_large/934bfb0aa9c770b02f1a212473171f04/logo.png,-,TokenStars,4.2,-,-,-,-,-,https://icobazaar.com/v2/shipchain,-,-,-,-,-,https://www.reddit.com/r/IQeon,-,-,https://join.slack.com/t/iqeon/shared_invite/enQtMzEwMDM0OTc0MzA1LTlmYzNhYzVmOGUzY2JjMWE3M2Y1YzlmOGMyZTU1ZDdmYTJmZTA5ZWFjOWM3YjIwMzgyZjY4ZjRjYzQ1NzQzZGY,1 747 BTC,icobazaar,-,82%,-,https://t.me/IQeonICO,-,-,https://twitter.com/IQeon,-,-,https://iqeon.io/en?utm_source=icobazaar,-,-
-,-,-,https://bitcointalk.org/index.php?topic=2316074.0,-,-,"Applying Machine Learning & Artificial Intelligence to the stock market, and crowdsourcing sentiment analysis via the Ethereum blockchain. ",https://www.facebook.com/LYLcoin/,-,500 000 ETH,-,04-02-2018,1 ETH = 2000 tokens,-,13-11-2017,-,-,-,https://icobazaar.com/static/rsz/logo_large/25c6dda94cc9d7cbfce33bb8cabf9172/uYoqDf8F_400x400.jpeg,-,Sharpe Capital,4.16,-,-,-,-,-,https://icobazaar.com/v2/eventchain.io,-,-,-,-,-,-,-,-,-,-,icobazaar,-,82%,-,-,-,-,https://twitter.com/LoyalCoin,-,-,https://loyalcoin.io/,-,-
-,-,-,https://bitcointalk.org/index.php?topic=2316074.0,-,-,Mirocana AI to predict financial markets ,https://www.facebook.com/LYLcoin/,-,60 000 ETH,-,19-12-2017,0.001 ETH = 1 tokens,-,19-11-2017,-,-,-,https://icobazaar.com/static/rsz/logo_large/0e46fc63e96622fef0f2fba5013e0d57/500_x_500.png,-,Mirocana,4.16,-,-,-,-,-,https://icobazaar.com/v2/mirocana,-,-,-,-,-,-,-,-,-,-,icobazaar,-,82%,-,-,-,-,https://twitter.com/LoyalCoin,-,-,https://loyalcoin.io/,-,-
-,-,-,-,-,-,"Applying Machine Learning & Artificial Intelligence to the stock market, and crowdsourcing sentiment analysis via the Ethereum blockchain. ",https://www.facebook.com/sharpecapital,https://github.com/sharpe-capital,500 000 ETH,-,04-02-2018,1 ETH = 2000 tokens,-,13-11-2017,-,-,-,https://icobazaar.com/static/rsz/logo_large/25c6dda94cc9d7cbfce33bb8cabf9172/uYoqDf8F_400x400.jpeg,-,Sharpe Capital,4.16,-,-,-,-,-,https://icobazaar.com/v2/sharpe_capital,-,-,-,-,-,https://www.reddit.com/r/SharpeCapital/,-,-,https://sharpe.capital/slack,-,icobazaar,-,80%,-,https://t.me/sharpecapital,-,-,https://twitter.com/sharpecapital,-,-,https://sharpe.capital/,-,-
-,-,-,https://bitcointalk.org/index.php?topic=2353775,-,-,Mirocana AI to predict financial markets ,-,https://github.com/Scorum,60 000 ETH,-,19-12-2017,0.001 ETH = 1 tokens,-,19-11-2017,-,-,https://www.linkedin.com/company/18207220/,https://icobazaar.com/static/rsz/logo_large/0e46fc63e96622fef0f2fba5013e0d57/500_x_500.png,-,Mirocana,4.16,-,-,-,-,-,https://icobazaar.com/v2/loyalcoin,-,-,-,-,-,https://www.reddit.com/r/Scorum/,-,-,-,-,icobazaar,-,76%,-,https://telegram.me/SCORUM,-,-,https://twitter.com/scorum_en,-,-,https://scorumcoins.com,-,-
-,-,-,https://bitcointalk.org/index.php?topic=2258692.new#new,-,-,"IQeon is a decentralized gaming PvP platform, which allows players to earn real money on their achievements.
 ",https://www.facebook.com/bazistaplatform,-,19 000 ETH,-,12-03-2018,1 ETH = 325 tokens,-,30-01-2018,-,-,-,https://icobazaar.com/static/rsz/logo_large/d70932282a523926f88e809ce06c9493/SMM600-600.png,-,IQeon,4.197333333333334,-,-,-,-,-,https://icobazaar.com/v2/wabi______-_crypto_token_for_safe_consumer_product,-,-,-,-,-,https://www.reddit.com/user/Bazista_Team,-,-,-,17 500 ETH,icobazaar,-,76%,-,-,-,-,https://twitter.com/Bazista_io,-,-,http://bazista.io/,-,-
-,-,-,https://bitcointalk.org/index.php?topic=2353775,-,-,Solving ticketing issues for the event industry ,-,https://github.com/Scorum,50 000 ETH,-,14-10-2017,-,-,13-09-2017,-,-,https://www.linkedin.com/company/18207220/,https://icobazaar.com/static/rsz/logo_large/78ecc012c45be0e32f913b2143edfd1d/eventchain-nowords-whitebg.png,-,EventChain.io,4.16,-,-,-,-,-,https://icobazaar.com/v2/guts_tickets,-,-,-,-,-,https://www.reddit.com/r/Scorum/,-,-,-,20 000 ETH,icobazaar,-,76%,-,https://telegram.me/SCORUM,-,-,https://twitter.com/scorum_en,-,-,https://scorumcoins.com,-,-
-,-,-,https://bitcointalk.org/index.php?topic=2257304.0;all,-,-,"IQeon is a decentralized gaming PvP platform, which allows players to earn real money on their achievements.
 ",https://www.facebook.com/fiinultd/,https://github.com/fiinu/smart-contract,19 000 ETH,-,12-03-2018,1 ETH = 325 tokens,-,30-01-2018,-,-,-,https://icobazaar.com/static/rsz/logo_large/d70932282a523926f88e809ce06c9493/SMM600-600.png,-,IQeon,4.197333333333334,-,-,-,-,-,https://icobazaar.com/v2/human_discovery_platform,-,-,-,-,-,-,-,-,-,17 500 ETH,icobazaar,-,92%,-,-,-,-,https://twitter.com/fiinubank,-,-,https://fiinu.com/,-,-
-,-,-,https://bitcointalk.org/index.php?topic=2272196,-,-,We are first blockchain asset management marketplace where cryptocurrency investors choose  traders based on their result of the job. ,https://www.facebook.com/HumanDiscoveryHD/,https://github.com/hdplatform/hdplatform,35 000 ETH,-,18-03-2018,1 ETH = 1587 tokens,-,26-02-2018,-,-,-,https://icobazaar.com/static/rsz/logo_large/aefbb17befc6fc6500d21b4e968d256e/cryptopus_out.png,-,Cryptopus,4.12,-,-,-,-,-,https://icobazaar.com/v2/genaro,-,-,-,-,-,-,-,-,-,-,icobazaar,-,82%,-,-,-,-,https://twitter.com/discovery_human,-,-,https://hdplatform.io,-,-
-,-,-,-,-,-,"LoyalCoin replaces traditional customer loyalty programs with a flexible, fully transferable token that can be used to redeem rewards from a ",-,-,65 596.41 ETH,-,10-02-2018,-,-,12-11-2017,-,-,-,https://icobazaar.com/static/rsz/logo_large/19f78bf3e186a1f8018225f675a24c4b/LoyalCoin_logo.jpeg,-,LoyalCoin,4.159999999999999,-,-,-,-,-,https://icobazaar.com/v2/modultrade,-,-,-,-,-,-,-,-,-,41 375.03 ETH,icobazaar,-,90%,-,-,-,-,-,-,-,http://firelotto.io,-,-
-,-,-,https://bitcointalk.org/index.php?topic=2057487.0,-,-,"GATCOIN transforms traditional discount coupons, loyalty points and shopping vouchers into liquid, tradable digital tokens.  ",https://www.facebook.com/jibrelnetwork/,https://github.com/jibrelnetwork/,14 500 000 USD,-,07-01-2018,-,-,17-12-2017,-,-,-,https://icobazaar.com/static/rsz/logo_large/d2418e50cf2e53fb7cd355e387497410/a3f6jJK7_400x400.jpeg,-,GATCOIN,4.0600000000000005,-,-,-,-,-,https://icobazaar.com/v2/jibrel_network,-,-,-,-,-,https://www.reddit.com/r/JibrelNetwork/,-,-,https://jibrelnetwork.slack.com,14 USD,icobazaar,-,82%,-,-,-,-,https://www.twitter.com/jibrelnetwork/,-,-,https://jibrel.network,-,-
-,-,-,https://goo.gl/Y7YCu4,-,-,"provides traditional financial assets,  as ERC-20 tokens, on the Ethereum blockchain ",https://www.fb.me/Lend0it,https://goo.gl/Y7YCu4,30 000 000 USD,-,27-12-2017,0.25 USD = 1 tokens,-,26-11-2017,-,-,-,https://icobazaar.com/static/rsz/logo_large/8e5c0fc8ecb264c8bd60d2dfcefcb2b9/logo.jpeg,-,Jibrel Network,4.132000000000001,-,-,-,-,-,https://icobazaar.com/v2/cryptopus,-,-,-,-,-,https://www.reddit.com/r/Lendoit,-,-,https://t.me/Lendoit,-,icobazaar,-,86%,-,-,-,-,https://twitter.com/Lend0it,-,-,https://lendoit.com/?refid=3112,-,-
-,-,-,https://bitcointalk.org/index.php?topic=2257304.0;all,-,-,DID is a software schema and a Foundation geared towards protecting your ID on the Blockchain by decentralizing it. ,https://www.facebook.com/fiinultd/,https://github.com/fiinu/smart-contract,75 000 000 USD,-,14-02-2018,-,-,04-01-2018,-,-,-,https://icobazaar.com/static/rsz/logo_large/3510d430a6759ada39f5fa80b9495a3a/logo-512.png,-,Decentralized ID (DID),4.08,-,-,-,-,-,https://icobazaar.com/v2/lendoit,-,-,-,-,-,-,-,-,-,15 000 000 USD,icobazaar,-,92%,-,-,-,-,https://twitter.com/fiinubank,-,-,https://fiinu.com/,-,-
-,-,-,-,-,-,Scorum is a sports media platform powered by blockchain. It’s a new type of media portal that rewards its active users. ,-,-,17 000 000 USD,-,11-02-2018,1 USD = 1 tokens,-,14-01-2018,-,-,-,https://icobazaar.com/static/rsz/logo_large/2591d0f4c4ed2634fad2b5ee8f0380f2/256-Userpic_Copy_2x.png,-,SCORUM,4.101333333333334,-,-,-,-,-,https://icobazaar.com/v2/neuromation,-,-,-,-,-,-,-,-,-,-,icobazaar,-,90%,-,-,-,-,-,-,-,http://firelotto.io,-,-
-,-,-,https://bitcointalk.org/index.php?topic=2414339.0,-,-,"Fire Lotto is the world`s hottest blockchain crypto lottery
 ",https://www.facebook.com/algoryproject/,https://github.com/AlgoryProject,15 000 000 USD,-,15-02-2018,38 USD =  tokens,-,15-01-2018,-,-,https://www.linkedin.com/company/27062331/,https://icobazaar.com/static/rsz/logo_large/02f59490e04170992a2b24f24f20be6c/500.jpeg,-,Fire Lotto,4.06,-,-,-,-,-,https://icobazaar.com/v2/scorum,-,-,-,-,-,https://www.reddit.com/r/AlgoryProject/,-,-,-,2 000 000 USD,icobazaar,-,72%,-,https://t.me/AlgoryProject,-,-,http://twitter.com/algoryproject,-,-,https://algory.io,-,-
-,-,-,https://bitcointalk.org/index.php?topic=2113124,-,-,Blockchain-Friendly British Bank ,https://www.facebook.com/cartaxi.io/,-,400 000 ETH,-,09-12-2017,-,-,09-10-2017,-,-,-,https://icobazaar.com/static/rsz/logo_large/269c8698256e21de094a4efed2436310/logo.jpeg,-,Fiinu,4.04,-,-,-,-,-,https://icobazaar.com/v2/cartaxi,-,-,-,-,-,https://www.reddit.com/user/CarTaxiICO/,-,-,-,20 000 ETH,icobazaar,-,60%,-,-,-,-,https://twitter.com/CarTaxi_24,-,-,https://cartaxi.io/,-,-
-,-,-,-,-,-,"Satisfying the demand for convenient ways to convert fiat currency into cryptocurrencies and vice versa, without abandoning safety. ",https://t.me/gatcoin,https://github.com/gatcoin,480 000 ETH,-,28-02-2018,-,-,19-10-2017,-,-,https://www.linkedin.com/company/13425363/,https://icobazaar.com/static/rsz/logo_large/0f74f09742dc90b6e62b117897d26850/1COINTED.jpeg.jpeg,-,Cointed,4.088000000000001,-,-,-,-,-,https://icobazaar.com/v2/cointed,-,-,-,-,-,https://www.reddit.com/r/GATCOIN/,-,-,-,480 000 ETH,icobazaar,-,001%,-,-,-,-,https://twitter.com/gatcoin,-,-,https://www.gatcoin.io/,-,-
-,-,-,https://bitcointalk.org/index.php?topic=2736608.0,-,-,DID is a software schema and a Foundation geared towards protecting your ID on the Blockchain by decentralizing it. ,http://t.me/didfoundation,-,75 000 000 USD,-,14-02-2018,-,-,04-01-2018,-,-,-,https://icobazaar.com/static/rsz/logo_large/3510d430a6759ada39f5fa80b9495a3a/logo-512.png,-,Decentralized ID (DID),4.08,-,-,-,-,-,https://icobazaar.com/v2/decentralized_id__did_,-,-,-,-,-,-,-,-,-,15 000 000 USD,icobazaar,-,90%,-,-,-,-,https://twitter.com/didFoundation,-,-,https://decentralized.id/,-,-
-,-,-,https://bitcointalk.org/index.php?topic=2234801,-,-,"GATCOIN transforms traditional discount coupons, loyalty points and shopping vouchers into liquid, tradable digital tokens.  ",-,https://github.com/gameflip/tokensale,14 500 000 USD,-,07-01-2018,-,-,17-12-2017,-,-,-,https://icobazaar.com/static/rsz/logo_large/d2418e50cf2e53fb7cd355e387497410/a3f6jJK7_400x400.jpeg,-,GATCOIN,4.0600000000000005,-,-,-,-,-,https://icobazaar.com/v2/algory_project,-,-,-,-,-,-,-,-,-,14 USD,icobazaar,-,80%,-,-,-,-,https://twitter.com/gameflip,-,-,https://tokensale.gameflip.com/,-,-
-,-,-,https://bitcointalk.org/index.php?topic=2257304.0;all,-,-,Blockchain-Friendly British Bank ,https://www.facebook.com/fiinultd/,https://github.com/fiinu/smart-contract,400 000 ETH,-,09-12-2017,-,-,09-10-2017,-,-,-,https://icobazaar.com/static/rsz/logo_large/269c8698256e21de094a4efed2436310/logo.jpeg,-,Fiinu,4.04,-,-,-,-,-,https://icobazaar.com/v2/gatcoin,-,-,-,-,-,-,-,-,-,20 000 ETH,icobazaar,-,92%,-,-,-,-,https://twitter.com/fiinubank,-,-,https://fiinu.com/,-,-
-,-,-,https://bitcointalk.org/index.php?topic=2258692.new#new,-,-,Decentralized P2P Lending Platform ,https://www.facebook.com/bazistaplatform,-,-,-,13-01-2018,-,-,13-12-2017,-,-,-,https://icobazaar.com/static/rsz/logo_large/03a2e2845720b3110201eba80fa6feeb/sign1_square.png,-,Lendoit,4.112,-,-,-,-,-,https://icobazaar.com/v2/gameflip_ico,-,-,-,-,-,https://www.reddit.com/user/Bazista_Team,-,-,-,-,icobazaar,-,76%,-,-,-,-,https://twitter.com/Bazista_io,-,-,http://bazista.io/,-,-
-,-,-,https://bitcointalk.org/index.php?topic=2258692.new#new,-,-,Decentralized P2P Lending Platform ,https://www.facebook.com/bazistaplatform,-,-,-,13-01-2018,-,-,13-12-2017,-,-,-,https://icobazaar.com/static/rsz/logo_large/03a2e2845720b3110201eba80fa6feeb/sign1_square.png,-,Lendoit,4.112,-,-,-,-,-,https://icobazaar.com/v2/fox_trading_ico,-,-,-,-,-,https://www.reddit.com/user/Bazista_Team,-,-,-,-,icobazaar,-,76%,-,-,-,-,https://twitter.com/Bazista_io,-,-,http://bazista.io/,-,-
-,-,-,https://bitcointalk.org/index.php?topic=2414339.0,-,-,"Fire Lotto is the world`s hottest blockchain crypto lottery
 ",https://www.facebook.com/algoryproject/,https://github.com/AlgoryProject,15 000 000 USD,-,15-02-2018,38 USD =  tokens,-,15-01-2018,-,-,https://www.linkedin.com/company/27062331/,https://icobazaar.com/static/rsz/logo_large/02f59490e04170992a2b24f24f20be6c/500.jpeg,-,Fire Lotto,4.06,-,-,-,-,-,https://icobazaar.com/v2/fire_lotto,-,-,-,-,-,https://www.reddit.com/r/AlgoryProject/,-,-,-,2 000 000 USD,icobazaar,-,72%,-,https://t.me/AlgoryProject,-,-,http://twitter.com/algoryproject,-,-,https://algory.io,-,-
-,-,-,https://bitcointalk.org/index.php?topic=2258692.new#new,-,-, Algory Project - First such a powerful and multifunctional trading tool for Cryptocurrency Traders working in real-time.  ,https://www.facebook.com/bazistaplatform,-,60 000 ETH,-,08-01-2018,1 ETH = 1200 tokens,-,07-12-2017,-,-,-,https://icobazaar.com/static/rsz/logo_large/ee5a36dbd7ddccd5397b941951d2d828/rAF0wZOR_400x400.jpeg,-,Algory Project,4.0600000000000005,-,-,-,-,-,https://icobazaar.com/v2/bazista,-,-,-,-,-,https://www.reddit.com/user/Bazista_Team,-,-,-,60 000 ETH,icobazaar,-,76%,-,-,-,-,https://twitter.com/Bazista_io,-,-,http://bazista.io/,-,-
-,-,-,https://bitcointalk.org/index.php?topic=2113124,-,-,Blockchain-Friendly British Bank ,https://www.facebook.com/cartaxi.io/,-,400 000 ETH,-,09-12-2017,-,-,09-10-2017,-,-,-,https://icobazaar.com/static/rsz/logo_large/269c8698256e21de094a4efed2436310/logo.jpeg,-,Fiinu,4.04,-,-,-,-,-,https://icobazaar.com/v2/fiinu,-,-,-,-,-,https://www.reddit.com/user/CarTaxiICO/,-,-,-,20 000 ETH,icobazaar,-,60%,-,-,-,-,https://twitter.com/CarTaxi_24,-,-,https://cartaxi.io/,-,-
-,-,-,https://bitcointalk.org/index.php?topic=2313083,-,-,"GATCOIN transforms traditional discount coupons, loyalty points and shopping vouchers into liquid, tradable digital tokens.  ",https://www.facebook.com/networkunits,https://github.com/DecentralizedIT/networkunits,14 500 000 USD,-,07-01-2018,-,-,17-12-2017,-,-,-,https://icobazaar.com/static/rsz/logo_large/d2418e50cf2e53fb7cd355e387497410/a3f6jJK7_400x400.jpeg,-,GATCOIN,4.0600000000000005,-,-,-,-,-,https://icobazaar.com/v2/network_units,-,-,-,-,-,https://www.reddit.com/r/networkunits/,-,-,-,14 USD,icobazaar,-,001%,-,-,-,-,https://twitter.com/network_units,-,-,https://networkunits.io/,-,-
